"loc.id","y1","y2","y3","y4","y5","y6","y7","y8","y9","y10","y11","y12","y13","y14","y15","y16","y17","y18"
1,1,2,2,1,1,1,1,1,1,1,1,1,1,2,1,2,1,5
1,1,2,2,1,1,1,1,2,1,1,1,1,1,2,1,2,1,5
1,2,2,1,1,1,1,1,2,2,1,1,1,1,2,1,2,1,5
1,1,2,2,1,1,1,1,2,2,1,1,1,1,2,1,2,1,5
1,2,2,2,1,1,1,1,2,1,1,1,1,1,2,1,2,1,5
1,1,2,1,1,1,1,1,2,2,1,1,1,1,2,1,2,1,5
1,1,2,2,1,1,1,1,2,2,1,1,1,1,2,1,2,1,5
1,2,2,2,1,1,1,1,2,1,1,1,1,1,2,1,2,1,5
1,2,2,2,1,1,1,1,2,2,1,1,1,1,2,1,2,1,5
1,2,2,2,1,1,1,1,2,1,1,1,1,1,2,1,2,1,5
1,1,2,2,1,2,1,1,2,1,1,1,1,1,2,1,2,1,5
1,1,2,2,1,1,1,1,2,2,1,1,1,1,2,1,2,1,5
1,1,2,2,1,1,1,1,1,2,1,1,1,1,2,1,2,1,5
1,1,2,1,1,1,1,1,1,2,1,1,1,1,2,1,2,2,5
1,1,2,2,1,1,1,1,2,2,1,1,1,1,2,1,2,1,5
1,2,2,2,1,1,1,1,2,2,1,1,1,1,2,1,2,1,5
1,1,2,1,1,1,1,1,2,2,1,1,1,1,2,1,2,1,5
1,1,2,2,1,1,1,1,2,2,1,1,1,1,2,1,2,1,5
1,1,2,2,1,1,2,1,2,2,2,1,1,2,2,2,5,3,7
1,1,2,2,1,1,2,1,2,2,2,1,1,2,2,2,1,3,1
1,1,2,2,1,1,2,1,2,2,2,1,1,2,2,2,5,3,5
1,1,2,2,1,1,2,1,2,2,2,1,1,2,2,2,5,3,7
1,1,2,2,1,1,2,1,2,2,2,1,1,2,2,2,5,3,1
1,1,2,2,1,1,2,1,2,2,2,1,1,2,2,2,5,3,7
1,1,2,2,1,1,2,1,2,2,2,1,1,2,2,2,5,3,5
1,1,2,2,1,1,2,1,2,2,2,1,1,2,2,2,5,3,7
1,1,2,2,1,1,2,1,2,2,2,1,1,2,2,2,1,3,1
1,1,2,2,1,1,2,1,2,2,2,1,1,2,2,2,5,3,1
1,1,2,2,1,1,2,1,2,2,2,1,1,2,2,2,5,3,7
1,1,2,2,1,1,2,1,2,2,2,1,1,2,2,2,4,3,7
1,1,2,2,1,1,2,1,2,2,2,1,1,2,2,2,5,3,7
1,1,2,2,1,1,2,1,2,2,2,1,1,2,2,2,5,3,1
1,1,2,2,1,1,2,1,2,2,2,1,1,2,2,2,5,3,1
1,1,2,2,1,1,2,1,2,2,2,1,1,2,2,2,4,3,7
1,1,2,2,1,1,2,1,2,2,2,1,1,2,2,2,1,3,7
1,1,2,2,1,1,2,1,2,2,2,1,1,2,2,2,5,3,7
1,1,2,2,1,1,2,1,2,2,2,1,1,2,2,2,4,3,7
1,1,2,2,1,1,2,1,2,2,2,1,1,2,2,2,5,3,1
1,1,1,2,1,2,2,1,1,1,2,1,2,1,2,1,1,2,3
1,1,1,1,1,2,2,2,1,1,2,1,2,1,2,1,4,2,1
1,1,1,2,1,2,2,2,1,1,2,1,2,1,2,1,1,2,1
1,2,2,2,1,1,1,1,1,2,1,2,1,1,2,2,2,1,1
1,2,2,2,1,2,1,1,1,2,1,2,1,1,2,2,2,1,4
2,2,2,2,2,1,1,1,1,2,1,2,1,2,1,1,3,2,5
2,2,2,2,2,1,1,1,1,2,1,2,1,2,1,1,3,2,2
2,2,1,2,2,1,1,1,1,2,1,2,1,2,1,2,3,2,2
2,2,2,2,2,1,1,1,1,2,1,2,1,1,1,2,3,2,2
2,2,2,2,2,1,1,1,1,2,1,2,1,1,1,2,3,2,1
2,2,2,2,2,1,1,1,1,2,1,2,1,2,1,1,3,2,2
2,2,2,2,2,1,1,1,1,2,1,2,1,2,1,1,3,2,2
2,2,2,2,2,1,1,1,1,2,1,2,1,1,1,2,3,2,2
2,2,2,2,2,1,1,1,1,2,1,2,1,1,1,2,3,2,5
2,2,2,2,2,1,1,1,1,2,1,2,1,2,1,2,3,2,5
2,2,2,2,2,1,1,1,1,2,1,2,1,1,1,1,3,2,2
2,2,2,2,2,1,1,1,1,1,1,2,1,1,1,1,3,2,2
2,2,2,2,2,1,1,1,1,2,1,2,1,2,1,1,3,2,2
2,2,2,2,2,1,1,1,1,2,1,2,1,1,1,1,3,2,2
2,2,2,2,2,1,1,1,1,1,1,2,1,1,1,1,3,2,2
2,2,2,2,2,1,1,1,1,2,1,2,1,2,1,2,3,2,5
2,2,2,2,2,1,1,1,1,2,1,2,1,1,1,2,3,2,5
2,2,2,2,2,1,1,1,1,2,1,2,1,1,1,1,3,2,2
2,2,2,2,2,1,1,1,1,2,1,2,1,2,1,2,2,2,2
2,2,1,1,2,2,1,1,1,2,1,1,1,2,2,1,3,3,6
2,1,2,2,1,1,2,1,2,2,2,1,1,2,2,2,5,3,7
2,1,1,2,1,2,2,2,1,1,2,1,2,1,2,1,1,2,3
2,1,1,2,1,2,2,1,1,1,2,1,2,1,2,1,1,2,6
2,1,1,1,1,1,2,2,1,1,2,1,2,1,2,1,1,3,1
3,1,2,2,1,1,2,1,2,2,2,1,1,2,2,2,5,3,7
3,1,2,2,1,1,2,1,2,2,2,1,1,2,2,2,1,3,7
3,1,1,2,1,1,2,1,2,2,2,1,1,2,2,2,5,3,7
3,1,2,2,1,1,2,1,2,2,2,1,1,2,2,2,5,3,7
3,1,2,2,1,1,2,1,2,2,2,1,1,2,2,2,5,3,1
3,1,2,2,1,1,2,1,2,2,2,2,1,2,2,2,4,3,1
3,1,2,2,1,1,2,1,2,2,2,1,1,2,2,2,1,3,5
3,1,2,2,1,1,2,1,2,2,2,1,1,2,2,2,5,3,1
3,1,2,2,1,1,2,1,2,2,2,1,1,2,2,2,5,1,7
3,1,2,2,1,1,2,1,2,2,2,1,1,2,2,2,5,3,7
3,1,2,2,1,1,2,1,2,2,2,1,1,2,2,2,5,1,1
3,1,2,2,1,1,2,1,2,2,2,1,1,2,2,2,4,3,7
3,1,2,2,1,1,2,1,2,2,2,1,1,2,2,2,5,3,7
3,1,2,2,1,1,2,1,2,2,2,1,1,2,2,2,5,3,7
3,1,2,2,1,1,2,1,2,2,2,1,1,2,2,2,5,3,1
3,1,2,2,1,1,2,1,2,2,2,1,1,2,2,2,1,3,1
3,1,2,2,1,1,2,1,2,2,2,1,1,2,2,2,5,3,1
3,1,2,2,1,1,2,1,2,2,2,1,1,2,2,2,5,3,7
3,1,2,2,1,1,2,1,2,2,2,1,1,2,2,2,5,3,1
3,1,2,2,1,1,2,1,2,2,2,1,1,2,2,2,5,3,5
3,1,2,2,1,1,2,1,2,2,2,1,1,2,2,2,5,3,5
3,1,2,2,1,1,2,1,2,2,2,1,1,1,2,2,5,3,1
3,1,2,2,1,1,2,1,2,2,2,1,1,2,2,2,4,3,7
3,1,2,2,1,1,2,1,2,2,2,1,1,2,2,2,5,3,7
3,1,2,2,1,1,2,1,2,2,2,1,1,2,2,2,4,3,1
3,1,2,2,1,1,2,1,2,2,2,1,1,2,2,2,5,3,1
3,1,2,2,1,1,2,1,2,2,2,1,1,2,2,2,5,3,1
3,1,2,2,1,1,2,1,2,2,2,1,1,2,2,2,5,3,1
3,1,2,2,1,1,2,1,2,2,2,1,1,2,2,2,5,3,7
3,1,2,2,1,1,2,1,2,2,2,1,1,2,2,2,5,3,5
3,1,2,2,1,1,2,1,2,2,2,1,1,2,2,2,5,3,1
3,1,2,2,1,1,2,1,2,2,2,1,1,2,2,2,5,3,7
3,1,2,2,1,1,2,1,2,2,2,1,1,2,2,2,5,3,5
3,1,2,2,1,1,2,1,2,2,2,1,1,2,2,2,5,3,7
3,1,2,2,1,1,2,1,2,2,2,1,1,2,2,2,4,3,7
4,1,2,2,1,1,2,1,2,2,2,1,1,2,2,2,5,3,7
4,1,2,2,1,1,2,1,2,2,2,1,1,2,2,2,5,3,7
4,1,2,2,1,1,2,1,2,2,2,1,1,2,2,2,5,3,1
4,1,2,2,1,1,2,1,2,2,2,2,1,2,2,2,1,3,7
4,1,2,2,1,1,2,1,2,2,2,1,1,2,2,2,5,3,5
4,1,2,2,1,1,2,1,2,2,2,1,1,2,2,2,5,3,7
4,1,2,2,1,1,2,1,2,2,2,2,1,2,2,2,1,3,7
4,1,2,2,1,1,2,1,2,2,2,1,1,2,2,2,5,3,1
4,1,2,2,1,1,2,1,2,2,2,1,1,2,2,2,5,3,7
4,1,2,2,1,1,2,1,2,2,2,1,1,2,2,2,5,3,7
4,1,2,2,1,1,2,1,2,2,2,1,1,2,2,2,5,3,1
4,1,2,2,1,1,2,1,2,2,2,1,1,2,2,2,5,3,1
4,1,2,2,1,1,2,1,2,2,2,1,1,2,2,2,1,3,7
4,1,2,2,1,1,2,1,2,2,2,1,1,2,2,2,5,3,1
4,1,2,2,1,1,2,1,2,2,2,1,1,2,2,2,5,3,7
4,1,2,2,1,1,2,1,2,2,2,1,1,2,2,2,5,3,1
4,1,2,2,1,1,2,1,2,2,2,1,1,2,2,2,5,3,1
4,1,1,2,1,2,2,2,1,1,2,1,2,1,2,1,1,2,1
4,1,1,2,1,2,2,1,1,1,2,1,2,1,2,1,1,2,3
4,1,1,1,1,2,2,1,1,1,2,1,2,1,2,1,4,2,3
4,1,1,2,1,2,2,2,1,1,2,1,2,1,2,1,1,2,7
4,1,1,2,1,2,2,1,1,1,2,1,2,1,2,1,1,2,3
4,1,1,2,1,2,2,2,1,1,2,1,2,1,2,1,1,2,3
4,1,1,2,1,2,2,1,1,1,2,1,2,1,2,1,4,2,3
4,1,1,2,1,2,2,2,1,1,2,1,2,1,2,1,1,2,1
4,1,1,1,1,2,2,2,1,1,2,1,2,1,2,1,1,2,1
4,1,1,2,1,2,2,2,1,1,2,1,2,1,2,1,1,2,6
4,1,1,1,1,2,2,1,1,1,2,1,2,1,2,1,4,2,6
4,1,1,2,1,2,2,2,1,1,2,1,2,1,2,1,1,2,3
4,1,1,1,1,2,2,1,1,1,2,1,2,1,2,1,1,2,3
4,1,1,2,1,2,2,1,1,1,2,1,2,1,2,1,1,2,1
4,1,1,2,1,2,2,2,1,1,2,1,2,1,2,1,4,2,1
4,1,1,1,1,2,2,2,1,1,2,1,2,1,2,1,1,2,3
4,1,1,2,1,2,2,1,1,1,2,1,2,1,2,1,1,2,3
4,1,1,2,1,2,2,2,1,1,2,2,2,1,2,1,1,2,3
4,1,1,2,1,2,2,2,1,1,2,1,2,1,2,1,1,2,6
4,1,1,1,1,2,2,2,1,1,2,1,2,1,2,1,1,2,3
4,1,1,2,1,2,2,2,1,1,2,1,2,1,2,1,1,2,1
4,1,1,2,1,2,2,1,1,1,2,1,2,1,2,1,4,2,3
4,1,1,1,1,2,2,2,1,1,2,1,2,1,2,1,1,2,1
4,2,2,2,1,1,1,1,1,2,1,2,1,1,2,1,2,1,1
5,2,2,2,2,1,1,1,1,2,1,2,1,1,1,1,3,2,2
5,2,2,2,2,1,1,1,1,2,1,2,1,2,1,2,3,2,2
5,2,2,2,2,1,1,1,1,2,1,2,1,1,1,1,3,2,2
5,2,2,2,2,1,1,1,1,2,1,2,1,1,1,2,3,2,2
5,2,2,2,2,1,1,1,1,1,1,2,1,1,1,1,3,2,2
5,2,1,2,2,2,1,1,1,2,1,1,1,2,2,1,3,3,6
5,2,1,2,2,2,1,1,1,2,1,1,1,2,2,1,3,3,6
5,2,1,1,2,2,2,1,1,2,1,1,1,2,2,1,3,3,6
5,2,1,2,2,2,1,1,1,2,1,1,1,2,2,1,3,3,6
5,2,1,2,1,2,1,1,1,2,1,1,1,2,2,1,3,3,6
5,2,1,2,2,2,2,1,2,2,1,1,2,2,2,1,3,3,6
5,2,1,2,2,2,1,1,1,2,1,1,2,2,2,1,5,3,6
5,2,1,2,2,2,2,1,1,2,1,1,2,2,2,1,3,3,6
5,2,1,2,2,2,2,1,1,2,1,1,2,2,2,1,3,3,6
5,2,1,2,2,2,1,1,1,2,1,1,1,2,2,1,3,3,6
5,2,1,2,2,2,1,2,1,2,1,1,2,2,2,1,3,3,6
5,2,1,2,2,2,2,1,1,2,1,1,1,2,2,1,3,3,6
5,2,1,2,2,2,1,1,1,2,1,1,1,2,2,1,3,3,6
5,1,2,2,1,1,2,1,2,2,2,1,1,2,2,2,5,3,1
5,1,2,2,1,1,2,1,2,2,2,1,1,2,2,2,5,3,1
5,1,2,2,1,1,2,1,2,2,2,1,1,2,2,2,5,3,1
5,1,2,2,1,1,2,1,2,2,2,1,1,2,2,2,5,3,1
5,1,2,2,1,1,2,1,2,2,2,1,1,2,2,2,1,3,1
5,1,2,2,1,1,2,1,2,2,2,1,1,2,2,2,5,3,1
5,1,1,2,2,2,2,2,2,2,2,1,2,1,2,2,5,1,1
5,1,1,2,2,2,2,2,2,2,2,1,2,1,2,2,5,1,1
5,2,2,2,1,1,1,1,1,2,1,2,1,1,2,2,2,1,1
5,2,2,2,1,2,1,1,1,2,1,2,1,1,2,2,2,1,1
5,2,2,2,1,2,1,1,1,2,1,2,1,1,2,2,2,1,1
5,2,2,2,1,2,1,1,1,2,1,2,1,1,2,2,2,1,3
6,1,2,2,1,2,1,1,2,2,1,1,1,1,2,1,2,1,5
6,2,2,2,2,1,1,1,1,1,1,2,1,2,1,1,3,2,2
6,2,1,2,2,1,1,1,1,2,1,2,1,2,1,2,3,2,2
6,2,1,2,2,1,1,1,1,1,1,2,1,1,1,2,3,2,2
6,2,2,2,2,1,1,1,1,2,1,2,1,1,1,2,3,2,2
6,2,2,2,2,1,1,1,1,2,1,2,1,2,1,2,3,2,2
6,2,2,2,2,1,1,1,1,1,1,2,1,1,1,2,3,2,2
6,2,2,2,2,1,1,1,1,2,1,2,1,1,1,2,3,2,2
6,2,2,2,2,1,1,1,1,2,1,2,1,1,1,1,3,2,2
6,2,2,2,2,1,1,1,1,2,1,2,1,2,1,2,3,2,5
6,2,1,2,2,2,2,2,1,2,1,1,1,2,2,1,4,3,6
6,2,1,2,2,2,1,2,1,2,1,1,1,2,2,1,3,3,6
6,2,1,2,2,2,2,2,2,2,1,1,1,2,2,1,3,3,6
6,2,1,2,2,2,2,2,1,2,1,1,1,2,2,1,3,3,6
6,2,1,2,2,2,2,1,1,2,1,1,2,2,2,1,3,3,6
6,2,1,2,2,2,2,1,1,2,1,1,2,2,2,1,3,3,6
6,2,1,2,1,2,1,1,1,2,1,1,1,2,2,1,3,3,6
6,1,1,2,2,2,1,1,1,2,1,1,1,2,2,1,3,3,6
6,1,2,2,1,1,2,1,2,2,2,1,1,2,2,2,5,3,7
6,1,2,2,1,1,2,1,2,2,2,1,1,2,2,2,5,3,5
6,2,1,2,1,2,2,2,1,1,2,1,2,1,2,1,1,3,3
6,2,2,2,1,2,1,1,1,2,1,2,1,1,2,2,2,1,1
6,2,2,2,1,2,1,1,1,2,1,2,1,1,2,2,2,1,1
6,2,2,2,1,2,1,1,1,2,1,1,1,1,1,2,2,1,4
6,2,2,2,1,2,1,1,1,2,1,2,1,1,2,2,2,1,1
6,2,2,2,1,2,1,1,1,2,1,1,1,1,2,2,2,1,1
7,1,2,2,1,1,2,1,2,2,2,1,1,2,2,2,5,3,1
7,1,2,2,1,1,2,1,2,2,2,2,1,2,2,2,5,3,7
7,1,2,2,1,1,2,1,2,2,2,1,1,2,2,2,5,3,5
7,1,2,2,1,1,2,1,2,2,2,1,1,2,2,2,5,3,5
7,1,2,2,1,1,2,1,2,2,2,1,1,2,2,2,5,3,1
7,1,2,2,1,1,2,1,2,2,2,1,1,2,2,2,5,3,7
7,1,2,2,1,1,2,1,2,2,2,1,1,2,2,2,5,3,7
7,1,2,2,1,1,2,1,2,2,2,1,1,2,2,2,4,3,7
7,1,2,2,1,1,2,1,2,2,2,1,1,2,2,2,1,3,7
7,1,2,2,1,1,2,1,2,2,2,1,1,2,2,2,4,3,7
7,1,2,2,1,1,2,1,2,2,2,1,1,2,2,2,1,3,1
7,1,2,2,1,1,2,1,2,2,2,1,1,2,2,2,5,3,7
7,1,2,2,1,1,2,1,2,2,2,1,1,2,2,2,5,3,1
7,1,2,2,1,1,2,1,2,2,2,1,1,2,2,2,5,3,1
7,1,2,2,1,1,2,1,2,2,2,1,1,2,2,2,5,3,7
7,1,2,2,1,1,2,1,2,2,2,1,1,2,2,2,5,3,7
7,1,1,2,1,2,2,2,1,1,2,1,2,1,2,1,1,2,1
7,1,1,2,1,2,2,2,1,1,2,1,2,1,2,1,1,2,7
7,1,1,2,1,2,2,2,1,1,2,1,2,1,2,1,4,1,1
7,1,1,2,1,2,1,2,1,1,2,1,2,1,2,1,1,2,3
7,1,1,2,1,2,2,1,1,1,2,1,2,1,2,1,1,2,1
7,1,1,2,1,2,2,1,1,1,2,1,2,1,2,1,1,2,3
7,1,1,2,1,2,2,2,1,1,2,2,2,1,2,1,5,2,3
7,1,1,2,1,2,2,1,1,1,2,1,2,1,2,1,1,2,1
7,1,1,2,1,2,2,1,1,1,2,1,2,1,2,1,1,2,1
7,1,1,1,1,2,2,1,1,1,2,1,2,1,2,1,1,2,3
7,1,1,2,1,2,2,2,1,1,2,1,2,1,2,1,4,2,1
7,1,1,2,1,2,2,2,1,1,2,1,2,1,2,1,1,3,1
7,1,1,1,1,2,2,1,1,1,2,1,2,1,2,1,1,2,1
7,1,1,2,1,2,2,1,1,1,2,1,2,1,2,1,1,2,1
8,2,2,2,2,1,1,1,1,2,1,2,1,2,1,2,3,2,2
8,2,1,2,2,2,2,1,1,2,1,1,2,2,2,1,3,3,6
8,2,1,2,1,2,1,1,1,2,1,1,1,2,2,1,3,3,6
8,2,1,2,2,2,2,1,1,2,1,1,1,2,2,1,5,3,6
8,2,1,2,2,2,1,1,1,2,1,1,1,2,2,1,3,3,6
8,2,1,2,2,2,1,1,1,2,1,1,1,2,2,1,3,3,6
8,2,1,2,2,2,2,1,1,2,1,1,1,2,2,1,3,3,6
8,2,1,2,2,2,1,1,1,2,1,1,1,2,2,1,4,3,6
8,2,1,2,2,2,2,2,2,2,1,1,2,2,2,1,3,3,6
8,2,1,2,2,2,2,1,1,2,1,1,2,2,2,1,3,3,6
8,2,1,2,2,2,1,1,1,2,1,1,1,2,2,1,3,3,6
8,1,1,2,1,2,2,1,1,1,2,1,2,1,2,1,1,2,1
8,1,1,2,1,2,2,2,1,1,2,1,2,1,2,1,1,2,3
8,2,1,1,1,2,2,2,1,1,2,1,2,1,2,1,1,2,1
8,2,1,2,1,2,2,1,1,1,2,1,2,1,2,1,1,2,1
8,1,1,2,1,2,2,1,1,1,2,1,2,1,2,1,1,2,6
8,1,1,2,1,2,2,2,1,1,2,1,2,1,2,1,1,2,3
8,1,1,2,1,2,2,2,1,1,2,1,2,1,2,1,1,2,7
8,1,1,2,2,2,1,2,2,2,2,1,2,1,2,2,5,1,1
8,1,1,2,2,2,2,2,2,2,2,1,2,1,2,2,5,1,1
8,1,1,2,2,2,2,2,2,2,2,1,2,1,2,2,4,1,1
8,1,1,2,2,2,2,2,2,2,2,1,2,1,2,1,4,1,1
8,1,1,2,2,2,2,2,2,2,2,1,2,1,2,2,5,1,1
8,1,1,2,2,2,2,2,2,2,2,1,2,1,1,2,5,1,1
8,1,1,2,2,2,2,2,2,2,2,1,2,1,2,2,5,1,1
8,1,1,2,2,2,2,2,2,2,2,1,2,1,2,2,5,1,1
8,1,1,2,2,2,2,2,2,2,2,1,2,1,2,2,4,1,1
8,1,1,2,2,2,1,2,2,2,2,1,2,1,2,2,5,1,1
8,1,1,2,2,2,2,2,2,2,2,1,2,1,2,2,5,1,1
8,1,1,2,2,2,2,2,2,2,2,1,2,1,2,2,5,1,1
8,1,1,2,2,2,2,2,2,2,2,1,2,1,2,1,5,1,1
9,1,2,2,1,1,2,1,2,2,2,1,1,2,2,2,5,3,5
9,1,2,2,1,1,2,1,2,2,2,1,1,2,2,2,5,3,5
9,1,2,2,1,1,2,1,2,2,2,1,1,2,2,2,5,3,1
9,1,1,2,1,2,2,2,1,1,2,1,2,1,2,1,1,2,1
9,1,1,2,1,2,2,2,1,1,2,1,2,1,2,1,1,2,1
9,1,1,2,1,2,2,1,1,1,2,1,2,1,2,1,1,2,1
9,1,1,2,1,2,2,1,1,1,2,1,2,1,2,1,1,2,7
9,1,1,2,1,2,2,2,1,1,2,1,2,1,2,1,1,2,3
9,1,1,2,1,2,2,2,1,1,2,1,2,1,2,1,1,2,3
9,2,1,2,1,2,2,2,1,1,2,1,2,1,2,1,1,2,1
9,1,1,2,1,2,2,1,1,1,2,1,2,1,2,1,1,2,3
9,1,1,2,1,2,2,2,1,1,2,1,2,1,2,1,1,2,1
9,1,1,1,1,2,2,2,1,1,2,1,2,1,2,1,1,2,3
9,1,1,2,1,2,2,2,1,1,2,1,2,1,2,1,1,2,3
9,1,1,1,1,2,2,2,1,1,2,1,2,1,2,1,4,2,1
9,1,1,2,1,2,2,2,1,1,2,2,2,1,2,1,1,2,3
9,1,1,2,1,2,2,1,1,1,2,1,2,1,2,1,1,2,1
9,1,1,2,1,2,2,2,1,1,2,1,2,1,2,1,1,2,1
9,1,1,2,1,2,2,1,1,1,2,1,2,1,2,1,1,2,3
9,1,1,2,1,2,2,2,1,1,2,1,2,1,2,1,1,2,1
9,1,1,2,1,2,2,1,1,1,2,1,2,1,2,1,1,2,1
9,1,1,1,1,2,2,2,1,1,2,1,2,1,2,1,4,2,1
9,1,1,2,1,2,2,2,1,1,2,1,2,1,2,1,1,2,1
9,1,1,2,1,2,2,1,1,1,2,1,2,1,2,1,1,2,3
9,1,1,2,1,2,2,2,1,1,2,1,1,1,2,1,1,2,1
9,1,1,2,1,2,2,1,1,1,2,1,2,1,2,1,1,3,1
9,1,1,2,1,2,2,2,1,1,2,1,2,1,2,1,1,2,3
9,1,1,1,1,2,2,2,1,1,2,1,2,1,2,1,1,2,3
9,2,1,2,1,2,2,2,1,1,2,1,2,1,2,1,1,2,1
9,1,1,2,1,2,2,2,1,1,2,1,2,1,2,1,4,2,3
9,1,1,2,1,2,2,1,1,1,2,1,2,1,2,1,1,2,3
9,1,1,2,1,2,2,2,1,1,2,1,2,1,2,1,1,2,1
9,1,1,2,1,2,2,2,1,1,2,1,2,1,2,1,1,2,3
9,2,1,2,1,2,2,1,1,1,2,1,2,1,2,1,1,2,1
9,2,1,2,1,2,2,1,1,1,2,1,2,1,2,1,1,2,1
9,1,1,2,1,2,2,2,1,1,2,1,2,1,2,1,1,2,3
9,1,1,2,1,2,2,1,1,1,2,1,2,1,2,1,1,2,3
9,1,1,2,1,2,2,2,1,1,2,1,2,1,2,1,1,2,1
9,1,1,2,1,2,2,2,1,1,2,1,2,1,2,1,1,2,1
9,1,1,2,1,2,2,1,1,1,2,1,2,1,2,1,1,2,1
9,1,1,2,2,2,2,2,2,2,2,1,2,1,2,2,5,1,1
9,1,1,2,2,2,2,2,2,2,2,1,2,1,2,2,2,1,1
10,2,2,2,2,1,1,1,1,1,1,2,1,1,1,2,3,2,2
10,2,2,2,2,1,1,1,1,2,1,2,1,1,1,2,3,2,2
10,2,2,2,2,1,1,1,1,1,1,2,1,1,1,1,3,2,2
10,2,1,2,2,1,1,1,1,2,1,2,1,1,1,1,2,2,2
10,2,2,2,2,1,1,1,1,1,1,2,1,2,1,1,3,2,2
10,2,2,2,2,1,1,1,1,1,1,2,1,1,1,1,3,2,2
10,2,2,2,2,1,1,1,1,2,1,2,1,1,1,2,3,2,2
10,2,2,2,2,1,1,1,1,2,1,2,1,2,1,2,3,2,2
10,2,2,2,2,1,1,1,1,1,1,2,1,1,1,1,3,2,2
10,2,2,2,2,1,1,1,1,2,1,2,1,1,1,1,3,2,5
10,2,2,2,2,1,1,1,1,2,1,2,1,1,1,2,3,2,2
10,2,2,2,2,1,1,1,1,1,1,2,1,2,1,1,3,2,2
10,2,2,2,2,1,1,1,1,2,1,2,1,2,1,2,3,2,2
10,2,2,2,2,1,1,1,1,2,1,2,1,1,1,2,3,2,2
10,2,1,2,2,1,1,1,1,2,1,2,1,1,1,1,3,2,2
10,2,2,2,2,1,1,1,1,2,1,2,1,1,1,1,3,2,2
10,2,2,2,2,1,1,1,1,2,1,2,1,1,1,1,3,2,2
10,2,2,2,2,1,1,1,1,2,1,2,1,1,1,2,3,2,5
10,2,2,2,2,1,1,1,1,2,1,2,1,1,1,1,2,2,2
10,2,2,2,2,1,1,1,1,2,1,2,1,2,1,1,3,2,2
10,2,2,2,2,1,1,1,1,2,1,2,1,2,1,1,3,2,5
10,2,2,2,2,1,1,1,1,1,1,2,1,1,1,1,3,2,2
10,2,2,2,2,1,1,1,1,2,1,2,1,1,1,2,3,2,2
10,2,2,2,2,1,1,1,1,1,1,2,1,1,1,2,3,2,2
10,2,2,2,2,1,1,1,1,2,1,2,1,1,1,2,3,2,2
10,2,2,2,2,1,1,1,1,1,1,2,1,1,1,1,3,2,2
10,2,2,2,2,1,1,1,1,2,1,2,1,2,1,1,3,2,2
10,2,2,2,2,1,1,1,1,2,1,2,1,2,1,2,3,2,2
10,2,2,2,2,1,1,1,1,2,1,2,1,1,1,1,3,2,2
10,2,2,2,2,1,1,1,1,2,1,2,1,1,1,2,2,2,2
10,2,2,2,2,1,1,1,1,1,1,2,1,1,1,2,3,2,2
10,2,1,2,2,2,1,2,1,2,1,1,1,2,2,1,3,3,6
11,2,2,2,1,1,1,1,1,2,1,1,1,1,2,1,2,1,5
11,1,2,2,1,1,1,1,1,1,1,1,1,1,2,1,2,1,5
11,2,2,2,1,1,1,1,2,2,1,1,1,1,2,1,2,1,5
11,1,2,2,1,1,1,1,2,2,1,1,1,1,2,1,2,1,5
11,1,2,1,1,1,1,1,2,1,1,1,1,1,2,1,2,1,5
11,1,2,2,1,1,1,1,2,1,1,1,1,1,2,1,2,1,5
11,2,2,2,1,1,1,1,2,2,1,1,1,1,2,1,2,1,5
11,2,2,2,1,1,1,1,2,2,1,1,1,1,2,1,2,1,5
11,1,2,2,2,1,1,1,2,2,1,1,1,1,2,1,2,1,5
11,2,2,2,1,1,1,1,2,1,1,1,1,1,2,1,2,1,5
11,1,2,2,1,1,1,1,2,1,1,1,1,1,2,1,2,1,5
11,1,2,2,1,1,1,1,2,2,1,1,1,1,2,1,2,1,5
11,2,2,2,1,1,1,1,2,1,1,1,1,1,2,1,2,1,5
11,2,1,2,1,2,2,1,1,1,2,1,2,1,2,1,1,2,1
11,1,1,2,1,2,2,2,1,1,2,1,2,1,2,1,1,2,1
11,1,1,2,1,2,2,2,1,1,2,1,2,1,2,1,1,2,6
11,1,1,2,1,2,2,2,1,1,2,1,2,1,2,1,1,2,1
11,1,1,2,1,2,2,2,1,1,2,1,2,1,2,1,1,2,3
11,1,1,2,1,2,2,2,1,1,2,1,2,1,2,1,4,3,3
11,1,1,1,1,2,2,2,1,1,2,1,2,1,2,1,1,2,1
11,1,1,2,1,2,2,1,1,1,2,1,2,1,2,1,1,2,1
11,1,1,2,1,2,2,1,1,1,2,1,2,1,2,1,4,2,1
11,1,1,2,1,2,2,2,1,1,2,2,2,1,2,1,1,2,3
11,1,1,2,1,2,2,2,1,1,2,1,2,1,2,1,1,2,1
11,1,1,2,1,2,2,1,1,1,2,1,2,1,2,1,1,2,3
11,1,1,2,1,2,2,1,1,1,2,1,2,1,2,1,1,2,6
11,2,1,2,1,2,2,2,1,1,2,1,2,1,2,1,1,2,7
11,1,1,2,1,2,2,2,1,1,2,1,2,1,2,1,1,2,1
11,1,1,2,1,2,2,1,1,1,2,1,2,1,2,1,1,2,1
11,1,1,1,1,2,2,2,1,1,2,1,2,1,2,1,1,2,1
11,1,1,2,1,2,2,2,1,1,2,1,2,1,2,1,1,2,7
11,1,1,2,1,2,2,1,1,1,2,1,2,1,2,1,1,2,3
11,1,1,1,1,2,2,2,1,1,2,1,2,1,2,1,1,2,1
11,1,1,1,1,2,2,2,1,1,2,1,2,1,2,1,1,2,1
11,1,1,2,1,2,2,1,1,1,2,1,2,1,2,1,1,2,3
11,2,1,2,1,2,2,2,1,1,2,1,2,1,2,1,1,2,1
11,1,1,1,1,2,2,1,1,1,2,1,2,1,2,1,1,2,1
11,1,1,2,1,2,1,2,1,1,2,1,2,1,2,1,4,2,1
11,1,1,1,1,2,2,2,1,1,2,1,2,1,1,1,4,2,3
11,1,1,1,1,2,2,2,1,1,2,1,2,1,2,1,1,2,6
11,1,1,2,1,2,2,2,1,1,2,1,2,1,2,1,1,2,6
11,1,1,2,1,2,2,2,1,1,2,1,2,1,2,1,4,2,3
11,1,1,2,1,2,2,2,1,1,2,1,2,1,2,1,1,2,6
11,2,1,2,1,2,2,1,1,1,2,1,2,1,2,1,1,3,1
11,1,1,2,1,2,2,2,1,1,2,1,2,1,2,1,1,2,1
12,1,2,2,1,1,2,1,2,2,2,1,1,2,2,2,1,3,5
12,1,2,2,2,1,2,1,2,2,2,1,1,2,2,2,5,3,1
12,1,2,2,1,1,2,1,2,2,2,1,1,2,2,2,1,3,1
12,1,2,2,1,1,2,1,2,2,2,1,1,2,2,2,1,3,1
12,1,2,2,1,1,2,1,2,2,2,1,1,2,2,2,5,3,1
12,1,2,2,1,1,2,1,2,2,2,1,1,2,2,2,5,3,1
12,1,2,2,1,1,2,1,2,2,2,1,1,2,2,2,1,3,7
12,1,2,2,1,1,2,1,2,2,2,1,1,2,2,2,5,3,1
12,1,2,2,1,1,2,1,2,2,2,1,1,2,2,2,5,3,1
12,1,2,2,1,1,2,1,2,2,2,1,1,2,2,2,1,3,7
12,1,2,2,1,1,2,1,2,2,2,1,1,2,2,2,4,3,1
12,1,2,2,1,1,2,1,2,2,2,1,1,2,2,2,5,3,5
12,1,2,2,1,1,2,1,2,2,2,1,1,2,2,2,4,3,7
12,1,2,2,1,1,2,1,2,2,2,1,1,2,2,2,5,3,7
12,1,2,2,1,1,2,1,2,2,2,1,1,2,2,2,5,3,7
12,1,2,2,1,1,2,1,2,2,2,1,1,2,2,2,5,3,5
12,1,2,2,1,1,2,1,2,2,2,1,1,2,2,2,5,3,7
12,1,2,2,1,1,2,1,2,2,2,2,1,2,2,2,5,3,7
12,1,2,2,1,1,2,1,2,2,2,1,1,2,2,2,1,3,7
12,1,2,2,1,1,2,1,2,2,2,1,1,2,2,2,5,3,1
12,1,2,2,1,1,2,1,2,2,2,1,1,2,2,2,5,3,5
12,1,2,2,1,1,2,1,2,2,2,1,1,2,2,2,5,3,7
12,1,2,2,1,1,2,1,2,2,2,1,1,2,2,2,5,3,1
12,1,2,2,1,1,2,1,2,2,2,1,1,2,2,2,4,3,7
12,1,2,2,1,1,2,1,2,2,2,1,1,2,2,2,5,3,1
12,1,2,2,1,1,2,1,2,2,2,1,1,2,2,2,5,3,1
12,1,2,2,1,1,2,1,2,2,2,1,1,2,2,2,5,3,7
12,1,2,2,1,1,2,1,2,2,2,1,1,2,2,2,5,3,1
12,1,2,2,1,1,2,1,2,2,2,1,1,2,2,2,5,3,7
12,1,2,2,1,1,2,1,2,2,2,1,1,2,2,2,5,3,1
12,2,2,2,1,1,1,1,1,2,1,2,1,1,2,2,2,1,1
12,2,2,2,1,2,1,1,1,2,1,2,1,1,2,2,2,1,1
12,2,2,2,1,2,1,1,1,2,1,1,1,1,2,2,2,1,1
12,2,2,2,1,1,1,1,1,2,1,2,1,1,2,2,2,1,1
12,2,2,2,1,2,1,1,1,2,1,2,1,1,2,2,2,1,3
12,2,2,2,1,1,1,1,1,2,1,2,1,1,2,1,2,1,1
12,2,2,2,1,2,1,1,1,2,1,2,1,1,1,2,2,1,1
12,2,2,2,1,1,1,1,1,2,1,2,1,1,2,2,2,1,3
12,2,2,2,1,2,1,1,1,2,1,1,1,1,2,1,2,1,1
12,2,2,2,1,1,1,1,1,2,1,2,1,1,2,2,2,1,4
12,2,2,2,1,2,1,1,1,2,1,2,1,1,2,2,2,1,1
12,2,2,2,1,1,1,1,1,2,1,2,1,1,2,2,2,1,1
12,2,2,2,1,2,1,1,1,2,1,2,1,1,2,2,2,1,1
13,2,1,2,2,2,2,1,1,2,1,1,2,2,2,1,4,3,6
13,1,2,2,1,1,2,1,2,2,2,1,1,2,2,2,5,3,5
13,1,2,2,1,1,2,1,2,2,2,1,1,2,2,2,5,3,5
13,1,2,2,1,1,2,1,2,2,2,1,1,2,2,2,5,3,1
13,1,2,2,1,1,2,1,2,2,2,1,1,2,2,2,5,3,7
13,1,2,2,1,1,2,1,2,2,2,1,1,2,2,2,5,3,1
13,1,2,2,1,1,2,1,2,2,2,1,1,2,2,2,4,3,5
13,1,2,2,1,1,2,1,2,2,2,1,1,2,2,2,1,3,5
13,1,2,2,1,1,2,1,2,2,2,1,1,2,2,2,4,3,7
13,1,2,2,1,1,2,1,2,2,2,1,1,2,2,2,5,3,5
13,1,2,2,1,1,2,1,2,2,2,1,1,2,2,2,1,3,5
13,1,2,2,1,1,2,1,2,2,2,1,1,2,2,2,1,3,7
13,1,2,2,1,1,2,1,2,2,2,1,1,2,2,2,5,3,5
13,1,2,2,1,1,2,1,2,2,2,1,1,2,2,2,4,3,1
13,1,2,2,1,1,2,1,2,2,2,1,1,2,2,2,5,3,1
13,1,2,2,1,1,2,1,2,2,2,1,1,2,2,2,5,3,5
13,1,2,2,1,1,2,1,2,2,2,1,1,2,2,2,5,3,7
13,1,2,2,1,1,2,1,2,2,2,1,1,2,2,2,5,3,1
13,1,2,2,1,1,2,1,2,2,2,1,1,2,2,2,5,3,7
13,1,2,2,1,1,2,1,2,2,2,1,1,2,2,2,5,3,1
13,1,2,2,1,1,2,1,2,2,2,1,1,2,2,2,5,3,7
13,1,2,2,1,1,2,1,2,2,2,1,1,2,2,2,5,3,5
13,1,2,2,1,1,2,1,2,2,2,1,1,2,2,2,5,3,7
13,1,2,2,1,1,2,1,2,2,2,1,1,2,2,2,1,3,7
13,1,2,2,1,1,2,1,2,2,2,1,1,2,2,2,5,3,5
13,1,1,2,1,1,2,1,2,2,2,1,1,2,2,2,5,3,7
13,1,2,2,1,1,2,1,2,2,2,1,1,2,2,2,5,3,1
13,1,2,2,1,1,2,1,2,2,2,1,1,2,2,2,5,3,5
13,1,2,2,1,1,2,1,2,2,2,1,1,2,2,2,5,3,1
13,1,2,2,1,1,2,1,2,2,2,1,1,2,2,2,5,3,1
13,1,2,2,1,1,2,1,2,2,2,1,1,2,2,2,5,3,5
13,1,2,2,1,1,2,1,2,2,2,1,1,2,2,2,5,3,7
14,1,2,1,1,1,1,1,2,2,1,1,1,1,2,1,2,1,5
14,1,2,2,1,1,1,1,2,1,1,1,1,1,2,1,2,1,5
14,2,2,2,1,1,1,1,2,2,1,1,1,1,2,1,2,1,5
14,1,2,2,1,1,1,1,1,1,1,1,1,1,2,1,2,1,5
14,2,2,2,1,2,1,1,1,2,1,1,1,1,2,1,2,1,5
14,1,2,2,1,1,1,1,2,2,1,1,1,1,2,1,2,1,5
14,2,2,2,1,1,1,1,2,2,1,1,1,1,2,1,2,1,5
14,1,2,2,1,1,1,1,2,1,1,1,1,1,2,1,2,1,5
14,1,2,1,1,1,1,1,2,1,1,1,1,1,2,1,2,1,5
14,2,2,2,1,1,1,1,2,2,1,1,1,1,2,1,2,1,5
14,2,2,2,1,1,1,1,2,2,1,1,1,1,2,1,2,1,5
14,2,1,2,2,2,2,1,1,2,1,1,1,2,2,1,3,3,6
14,2,1,2,2,2,2,1,1,2,1,1,1,2,2,1,3,3,6
14,2,2,2,1,1,1,1,1,2,1,2,1,1,2,1,2,1,1
14,2,2,2,1,2,1,1,1,2,1,2,1,1,2,1,2,1,1
14,2,2,2,1,2,1,1,1,2,1,2,1,1,2,2,2,1,4
14,1,2,2,1,2,1,1,1,2,1,2,1,1,2,1,2,1,1
14,2,2,2,1,2,1,1,1,2,1,2,1,1,2,1,2,1,1
14,2,2,2,2,2,1,1,1,2,1,2,1,1,2,2,2,1,1
14,2,2,2,1,1,1,1,1,2,1,2,1,1,2,2,2,1,1
14,2,2,2,1,1,1,1,1,2,1,2,1,1,2,2,2,1,4
14,2,2,2,1,2,1,1,1,2,1,2,1,1,2,2,2,1,1
14,2,2,2,1,1,1,1,1,2,1,1,1,1,2,2,2,1,1
14,2,2,2,1,2,1,1,1,2,1,2,1,1,2,2,2,1,1
14,2,2,2,1,2,1,1,1,2,1,2,1,1,2,2,2,1,1
14,2,2,2,1,2,1,1,1,2,1,2,1,1,1,2,2,1,1
14,2,2,2,1,2,1,1,1,2,1,2,1,1,2,2,2,1,4
14,2,2,2,1,2,1,1,1,2,1,2,1,1,2,2,2,1,1
14,2,2,2,1,2,1,1,1,2,1,2,1,1,2,2,2,1,1
14,2,2,2,1,1,1,1,1,2,1,2,1,1,2,2,2,1,3
14,2,2,2,1,1,1,1,1,2,1,2,1,1,2,2,2,1,1
14,2,2,2,1,2,1,1,1,2,1,2,1,1,1,1,2,1,4
14,2,2,2,1,1,1,1,1,2,1,2,1,1,2,2,2,1,1
14,2,2,2,1,1,1,1,1,2,1,2,1,1,2,2,2,1,1
14,2,2,2,1,1,1,1,1,2,1,2,1,1,2,2,2,1,4
14,2,2,2,1,2,1,1,1,2,1,2,1,1,2,2,2,1,1
14,2,2,2,1,1,1,1,1,2,1,2,1,1,2,2,2,1,1
14,2,2,2,1,2,1,1,1,2,1,2,1,1,2,2,2,1,1
14,2,2,2,1,2,1,1,1,2,1,2,1,1,2,2,2,1,3
14,2,2,2,1,2,1,1,1,2,1,2,1,1,2,1,2,1,1
14,2,2,2,1,2,1,1,1,2,1,2,1,1,2,2,2,1,1
15,1,2,1,1,1,1,1,2,2,1,1,1,1,2,1,2,1,5
15,2,1,2,2,2,1,1,1,2,1,1,1,2,2,1,4,3,6
15,2,1,2,2,2,1,1,1,2,1,1,1,2,2,1,3,3,6
15,1,2,2,1,1,2,1,2,2,2,1,1,2,2,2,5,3,1
15,1,2,2,1,1,2,1,2,2,2,1,1,2,2,2,5,3,1
15,1,2,2,1,1,2,1,2,2,2,1,1,2,2,2,5,3,7
15,1,2,2,1,1,2,1,2,2,2,1,1,2,2,2,5,3,1
15,1,2,2,1,1,2,1,2,2,2,1,1,2,2,2,1,3,7
15,1,2,2,1,1,2,1,2,2,2,1,1,2,2,2,1,3,1
15,1,2,2,1,1,2,1,2,2,2,1,1,2,2,2,5,3,7
15,1,2,2,1,1,2,1,2,2,2,1,1,2,2,2,5,3,7
15,1,2,2,1,1,2,1,2,2,2,1,1,2,2,2,5,3,1
15,1,2,2,1,1,2,1,2,2,2,1,1,2,2,2,5,3,7
15,1,2,2,1,1,2,1,2,2,2,1,1,2,2,2,4,3,7
15,1,2,2,1,1,2,1,2,2,2,1,1,2,2,2,5,3,1
15,1,2,2,1,1,2,1,2,2,2,1,1,2,2,2,5,3,7
15,1,2,2,1,1,2,1,2,2,2,2,1,2,2,2,5,3,1
15,1,2,2,1,1,2,1,2,2,2,1,1,2,2,2,5,3,7
15,1,2,2,1,1,2,1,2,2,2,1,1,2,2,2,5,3,7
15,1,2,2,1,1,2,1,2,2,2,1,1,2,2,2,5,3,5
15,1,2,2,1,1,2,1,2,2,2,1,1,2,2,2,5,3,1
15,1,2,2,1,1,2,1,2,2,2,1,1,2,2,2,5,3,1
15,1,2,2,1,1,2,1,2,2,2,1,1,2,2,2,5,3,7
15,1,1,2,1,2,2,2,1,1,2,1,2,1,2,1,1,2,7
15,1,1,2,2,2,2,2,2,2,2,1,2,1,2,2,5,1,1
15,1,1,2,2,2,2,2,2,2,2,1,2,1,2,1,5,1,1
15,1,1,2,2,2,2,2,2,2,2,1,2,1,2,2,5,1,1
15,1,1,2,2,2,2,2,2,1,2,1,2,1,2,2,5,1,1
15,1,1,2,2,2,2,2,2,2,2,1,2,1,2,2,5,1,1
15,1,1,2,2,2,2,2,2,2,2,1,2,1,2,2,5,1,1
15,1,1,2,2,2,2,2,2,2,2,1,2,1,2,2,5,1,1
15,1,1,2,2,2,2,2,2,2,2,1,2,1,2,2,5,1,1
15,1,1,2,2,2,2,2,2,2,2,1,2,1,2,2,5,1,1
16,1,2,2,1,1,1,1,2,2,1,1,1,1,2,1,2,1,5
16,1,2,2,1,1,1,1,2,1,1,1,1,1,2,1,2,2,5
16,2,2,1,1,1,1,1,2,1,1,1,1,1,2,1,2,1,5
16,1,2,1,1,1,1,1,2,1,1,1,1,1,2,1,2,1,5
16,1,2,2,1,1,1,1,1,2,1,1,1,1,2,1,2,1,5
16,1,2,1,1,1,1,1,2,1,1,1,1,1,2,1,2,1,5
16,1,2,2,1,1,1,1,2,2,1,1,1,1,2,1,2,1,5
16,1,2,2,1,1,1,1,2,2,1,1,1,1,2,1,2,1,5
16,1,2,2,1,1,1,1,2,1,1,1,1,1,2,1,2,1,5
16,1,2,2,1,1,1,1,2,1,1,1,1,1,2,1,2,1,5
16,2,2,1,1,1,1,1,2,2,1,1,1,1,2,1,2,1,5
16,1,2,1,1,1,1,1,1,1,1,1,1,1,2,1,2,1,5
16,2,2,2,1,1,1,1,2,1,1,1,1,1,2,1,2,1,5
16,1,2,2,1,1,1,1,1,1,1,1,1,1,2,1,2,1,5
16,2,2,2,1,1,1,1,2,1,1,1,1,1,2,1,2,1,5
16,1,2,2,1,1,1,1,1,2,1,1,1,1,2,1,2,1,5
16,1,2,2,1,1,1,1,1,1,1,1,1,1,2,1,2,1,5
16,1,2,2,1,1,1,1,2,2,1,1,1,1,2,1,2,1,5
16,2,2,2,1,1,1,1,1,2,1,1,1,1,2,1,2,1,5
16,2,2,2,1,1,1,1,2,2,1,1,1,1,2,1,2,1,5
16,1,2,2,1,1,1,1,2,1,1,1,1,1,2,1,2,1,5
16,2,2,2,1,1,1,1,2,1,1,1,1,1,2,1,2,1,5
16,1,2,2,1,1,1,1,2,1,1,1,1,1,2,1,2,1,5
16,2,2,2,1,1,1,1,2,1,1,1,1,1,2,1,2,1,5
16,1,2,2,2,1,1,1,2,1,1,1,1,1,2,1,2,1,5
16,1,1,2,2,2,2,2,2,2,2,1,2,1,2,2,4,1,1
17,2,1,2,2,2,2,2,1,2,1,2,2,2,2,1,3,3,6
17,1,1,2,1,2,1,1,1,2,1,1,2,2,2,1,3,2,6
17,2,1,2,2,2,1,1,1,2,1,1,2,2,2,1,3,3,6
17,2,1,2,2,2,1,1,1,2,1,1,1,2,2,1,3,3,6
17,2,1,2,2,2,1,1,1,2,1,1,1,2,2,1,3,3,6
17,1,2,2,1,1,2,1,2,2,2,1,1,2,2,2,5,3,7
17,1,2,2,1,1,2,1,2,2,2,1,1,2,2,2,5,3,7
17,1,2,2,1,1,2,1,2,2,2,1,1,2,2,2,5,3,7
17,1,2,2,1,1,2,1,2,2,2,1,1,2,2,2,5,3,1
17,1,2,2,1,1,1,1,2,2,2,1,1,2,2,2,5,3,1
17,1,2,2,1,1,2,1,2,2,2,1,1,2,2,2,5,3,5
17,1,2,2,1,1,2,1,2,2,2,1,1,2,2,2,5,3,7
17,1,2,2,1,1,2,1,2,2,2,1,1,2,2,2,5,3,1
17,1,2,2,1,1,2,1,2,2,2,1,1,2,2,2,5,3,1
17,1,2,2,1,1,2,1,2,2,2,1,1,2,2,2,5,3,1
17,1,2,2,1,1,2,1,2,2,2,1,1,2,2,2,4,3,7
17,1,2,2,1,1,2,1,2,2,2,1,1,2,2,2,5,3,1
17,1,2,2,1,1,2,1,2,2,2,1,1,2,2,2,5,3,1
17,1,2,2,1,1,2,1,2,2,2,1,1,2,2,2,5,3,1
17,1,2,2,1,1,2,1,2,2,2,1,1,2,2,2,5,3,1
17,1,2,2,1,1,2,1,2,2,2,1,1,2,2,2,5,3,7
17,1,2,2,1,1,2,1,2,2,2,1,1,2,2,2,5,3,1
17,1,2,2,1,1,2,1,2,2,2,1,1,2,2,2,5,3,1
17,1,2,2,1,1,2,1,2,2,2,1,1,2,2,2,1,3,7
17,1,2,2,1,1,2,1,2,2,2,1,1,2,2,2,5,3,7
17,1,2,2,1,1,2,1,2,2,2,1,1,2,2,2,5,3,5
17,1,2,2,1,1,2,1,2,2,2,1,1,2,2,2,5,3,7
17,1,2,2,1,1,2,1,2,2,2,2,1,2,2,2,5,3,5
17,1,2,2,1,1,2,1,2,2,2,1,1,2,2,2,5,3,5
17,1,2,2,1,1,2,1,2,2,2,1,1,2,2,2,5,3,7
17,1,2,2,1,1,2,1,2,2,2,1,1,2,2,2,5,3,5
17,1,2,2,1,1,2,1,2,2,2,1,1,2,2,2,5,3,7
17,1,2,2,1,1,2,1,2,2,2,1,1,2,2,2,5,3,1
17,1,2,2,1,1,2,1,2,2,2,1,1,2,2,2,4,3,1
17,1,2,2,1,1,2,1,2,2,2,1,1,2,2,2,5,3,1
17,1,2,2,1,1,2,1,2,2,2,1,1,2,2,2,5,3,7
18,1,2,2,1,1,1,1,2,2,1,1,1,1,2,1,2,1,5
18,1,2,1,1,2,1,1,2,1,1,1,1,1,2,1,2,1,5
18,2,2,2,1,2,1,1,2,1,1,1,1,1,2,1,2,1,5
18,1,2,1,1,1,1,1,2,2,1,1,1,1,2,1,2,1,5
18,2,2,2,1,1,1,1,2,2,1,1,1,1,2,1,2,1,5
18,1,2,2,1,1,1,1,2,1,1,1,1,1,2,1,2,1,5
18,1,2,2,1,1,1,1,2,1,1,1,1,1,2,1,2,1,5
18,1,2,1,1,1,1,1,2,1,1,1,1,1,2,1,2,1,5
18,1,2,2,1,1,1,1,2,1,1,1,1,1,2,1,2,1,5
18,1,1,1,1,2,2,1,1,1,2,1,2,1,2,1,1,2,1
18,1,1,2,1,2,2,1,1,1,2,1,2,1,2,1,1,2,1
18,1,1,2,1,2,2,2,1,1,2,1,2,1,2,1,4,2,3
18,1,1,2,1,2,2,1,1,1,2,1,2,1,2,1,1,2,1
18,1,1,2,2,2,2,2,2,2,2,1,2,1,2,2,5,1,1
18,1,1,2,2,2,1,2,2,2,2,1,2,1,2,2,5,1,1
18,1,1,2,2,2,2,2,2,2,2,1,2,1,2,2,5,1,1
18,1,1,2,2,2,2,2,2,2,2,1,2,1,2,1,2,1,1
18,1,1,2,2,2,1,2,2,2,2,1,2,1,2,2,5,1,1
18,1,1,1,2,2,1,2,2,2,2,1,2,1,2,2,2,1,1
18,1,1,2,2,2,2,2,2,2,2,1,2,1,2,2,5,1,1
18,1,1,2,2,2,2,2,2,2,2,1,2,1,2,2,5,1,1
18,1,1,2,2,2,2,2,2,2,2,1,2,1,2,2,5,1,1
18,1,1,2,2,2,2,2,2,1,2,1,2,1,2,2,5,1,1
18,1,1,2,2,2,2,2,2,2,2,1,2,1,2,2,5,1,1
18,1,1,2,2,2,2,2,2,2,2,1,2,1,2,2,5,1,1
18,1,1,2,2,2,1,2,2,2,2,1,2,1,2,2,5,1,1
18,1,1,2,2,2,2,2,2,2,2,1,2,1,2,2,4,1,1
18,1,1,2,2,2,2,2,2,1,2,1,2,1,2,2,5,1,1
18,1,1,2,2,2,2,2,2,2,2,1,2,1,2,1,5,1,3
18,1,1,2,2,2,2,2,2,2,2,1,2,1,2,2,5,1,1
18,1,1,2,2,2,2,2,2,2,2,1,2,1,2,2,5,1,1
18,1,1,2,2,2,1,2,2,2,2,1,2,1,2,2,4,1,1
18,1,1,2,2,2,2,2,2,2,2,1,2,1,2,2,5,1,1
18,1,1,2,2,2,2,2,2,2,2,1,2,1,2,2,4,1,1
18,1,1,2,2,2,2,2,2,2,2,1,2,1,2,2,4,1,1
19,2,1,2,1,2,1,1,2,2,1,1,2,2,2,1,3,3,6
19,2,1,1,2,2,2,1,1,2,1,1,1,2,2,1,3,3,6
19,2,1,2,2,2,1,1,1,2,1,1,1,2,2,1,3,3,6
19,2,1,1,2,2,2,1,2,2,1,1,1,2,2,1,3,3,6
19,2,1,2,2,2,2,1,1,2,1,1,1,2,2,1,3,3,6
19,2,1,2,2,2,1,1,1,2,1,1,1,2,2,1,3,3,6
19,2,1,2,2,2,1,2,1,2,1,1,2,2,2,1,3,3,6
19,2,1,2,2,2,1,1,1,2,1,1,2,2,2,1,3,3,6
19,2,1,2,2,2,1,1,1,2,1,1,1,2,2,1,3,3,6
19,2,1,1,2,2,2,1,1,2,1,1,1,2,2,1,3,3,6
19,2,1,2,2,2,1,1,1,2,1,1,2,2,2,1,3,3,6
19,2,1,2,2,2,2,1,1,2,1,1,2,2,2,1,3,3,6
19,2,1,2,2,2,2,2,2,2,1,1,1,2,2,1,3,3,6
19,2,1,1,1,2,2,1,1,2,1,1,2,2,2,1,4,3,6
19,2,1,2,2,2,2,1,1,2,1,1,1,2,2,1,3,3,6
19,2,1,2,2,2,1,1,1,2,1,1,1,2,2,1,3,2,6
19,2,1,2,2,2,1,1,1,2,1,1,2,2,2,1,3,3,6
19,2,1,2,2,2,1,1,1,2,1,1,1,2,2,1,3,3,6
19,2,1,2,2,2,1,1,1,2,1,1,2,2,2,1,3,3,6
19,2,1,2,2,2,1,1,1,2,1,1,2,2,2,1,3,3,6
19,2,1,2,2,2,1,1,1,2,1,1,1,2,2,1,3,3,6
19,2,1,2,2,2,1,1,2,2,1,1,2,2,2,1,3,3,6
19,2,1,2,2,2,2,2,1,2,1,1,2,2,2,1,4,3,6
19,2,1,2,2,2,2,1,1,2,1,1,2,2,2,1,3,3,6
19,2,1,2,2,2,1,1,1,2,1,1,1,2,2,1,3,3,6
19,2,1,1,2,2,2,1,1,2,1,1,1,2,2,1,3,3,6
19,2,1,1,2,2,1,1,1,2,1,1,1,2,2,1,3,3,6
19,2,1,2,2,2,1,2,1,2,1,1,1,2,2,1,3,3,6
19,2,1,2,2,2,1,2,1,2,1,1,1,2,2,1,4,3,6
19,2,1,2,2,2,1,2,1,2,1,1,1,2,2,1,4,3,6
20,2,1,2,2,1,1,1,1,1,1,2,1,1,1,2,3,2,2
20,2,2,2,2,1,1,1,1,2,1,2,1,1,1,1,3,2,2
20,2,2,2,2,1,1,1,1,2,1,2,1,1,1,1,3,2,2
20,2,2,2,2,1,1,1,1,2,1,2,1,1,1,1,3,2,2
20,2,2,2,2,1,1,1,1,2,1,2,1,2,1,1,3,2,5
20,2,2,2,2,1,1,1,1,2,1,2,1,1,1,2,2,2,2
20,2,2,2,2,1,1,1,1,1,1,2,1,2,1,2,2,2,2
20,2,2,2,2,1,1,1,1,2,1,2,1,2,1,1,3,2,2
20,2,2,2,2,1,1,1,1,2,1,2,1,2,1,2,2,2,2
20,2,2,2,2,1,1,1,1,2,1,2,1,2,1,1,3,2,2
20,2,2,2,2,1,1,1,1,2,1,2,1,1,1,2,3,2,2
20,2,2,2,2,1,1,1,1,1,1,2,1,1,1,1,3,2,2
20,2,2,2,2,1,1,1,1,2,1,2,1,1,1,2,3,2,2
20,2,2,2,2,1,1,1,1,2,1,2,1,1,1,1,3,2,2
20,2,2,2,2,1,1,1,1,2,1,2,1,1,1,1,3,2,2
20,2,1,2,2,2,1,1,1,2,1,1,2,2,2,1,3,3,6
20,2,1,2,2,2,1,1,1,2,1,1,2,2,2,1,3,3,6
20,1,1,1,1,2,2,1,1,1,2,1,2,1,2,1,1,2,1
20,1,1,2,1,2,2,2,1,1,2,1,2,1,2,1,1,2,1
20,1,1,2,1,2,2,2,1,1,2,2,2,1,2,1,1,2,1
20,1,1,2,1,2,2,1,1,1,2,1,2,1,2,1,1,2,3
20,1,1,2,1,2,2,2,1,1,2,2,2,1,2,1,1,2,3
20,1,1,2,1,2,2,1,1,1,2,1,2,1,2,1,1,2,3
20,1,1,2,1,2,2,1,1,1,2,1,2,1,2,1,1,2,6
20,2,1,2,1,2,2,2,1,1,2,1,2,1,2,1,1,2,3
20,1,1,2,1,2,2,2,1,1,2,1,2,1,2,1,1,2,1
20,1,1,2,1,2,2,1,1,1,2,1,2,1,2,1,1,2,1
20,1,1,2,1,2,2,1,1,1,2,1,2,1,2,1,1,1,1
20,1,1,2,1,2,2,1,1,1,2,1,2,1,2,1,1,2,1
21,1,2,2,1,1,1,1,2,2,1,1,1,1,2,1,2,1,5
21,2,2,2,1,1,1,1,1,1,1,1,1,1,2,1,2,2,5
21,1,2,2,1,1,1,1,2,2,1,1,1,1,2,1,2,1,5
21,1,2,2,1,1,1,1,2,1,1,1,1,1,2,1,2,1,5
21,1,2,2,1,1,1,1,2,2,1,1,1,1,2,1,2,2,5
21,1,2,1,1,1,1,1,2,1,1,1,1,1,2,1,2,2,5
21,1,2,2,1,1,1,1,2,2,1,1,1,1,2,1,2,1,5
21,1,2,2,1,1,1,1,2,1,1,1,1,1,2,1,2,1,5
21,1,2,2,1,1,1,1,2,1,1,1,1,1,2,1,2,1,5
21,2,2,2,1,1,1,1,1,1,1,1,1,1,2,1,2,1,5
21,2,2,2,1,2,1,1,2,2,1,1,1,1,2,1,2,1,5
21,1,2,2,1,1,1,1,2,1,1,1,1,1,2,1,2,1,5
21,1,2,2,1,1,1,1,2,1,1,1,1,1,2,1,2,1,5
21,2,2,2,1,1,1,1,2,2,1,1,1,1,2,1,2,1,5
21,1,2,1,1,1,1,1,2,2,1,1,1,1,2,1,2,1,5
21,2,2,2,1,1,1,1,2,1,1,1,1,1,2,1,2,1,5
21,1,2,2,1,2,1,1,2,2,1,1,1,1,2,1,2,1,5
21,1,2,2,1,1,1,1,2,1,1,1,1,1,2,1,2,1,5
21,1,2,2,1,1,1,1,2,2,1,1,1,1,2,1,2,1,5
21,1,2,1,1,1,1,1,2,2,1,1,1,1,2,1,2,1,5
21,2,2,2,1,1,1,1,1,2,1,1,1,1,2,1,2,1,5
21,2,2,2,1,1,1,1,2,2,1,1,1,1,2,1,2,1,5
21,1,2,2,1,1,1,1,2,1,1,1,1,1,2,1,2,1,5
21,1,2,1,1,1,1,1,1,1,1,1,1,1,2,1,2,1,5
21,1,2,2,1,1,1,1,1,1,1,1,1,1,2,1,2,1,5
21,1,2,2,1,1,1,1,2,1,1,1,1,1,2,1,2,1,5
21,2,2,2,1,1,1,1,2,2,1,1,1,1,2,1,2,1,5
21,2,2,2,1,1,1,1,2,2,1,1,1,1,2,1,2,1,5
21,2,1,2,2,2,1,1,1,2,1,1,1,2,2,1,3,3,6
21,1,1,2,1,2,2,1,1,1,2,1,2,1,2,1,1,2,1
22,2,1,1,2,2,2,1,1,2,1,1,1,2,2,1,3,3,6
22,2,1,2,2,2,1,1,1,2,1,1,2,2,2,1,4,3,6
22,2,1,2,2,2,1,2,1,2,1,1,1,2,2,1,3,3,6
22,2,1,2,2,2,2,2,1,2,1,1,1,2,2,1,3,3,6
22,2,1,1,2,2,1,2,1,2,1,1,1,2,2,1,3,3,6
22,2,1,2,2,2,1,1,1,2,1,1,1,2,2,1,3,3,6
22,2,1,2,1,2,2,1,1,2,1,1,2,2,2,1,3,3,6
22,2,1,1,2,2,1,1,1,2,1,1,1,2,2,1,3,3,6
22,2,1,2,2,2,1,2,1,2,1,1,1,2,2,1,3,3,6
22,2,1,2,2,2,1,1,2,2,1,1,1,2,2,1,3,3,6
22,2,1,2,2,2,2,1,1,2,1,1,2,2,2,1,3,3,6
22,2,1,2,2,2,2,1,1,2,1,1,2,2,2,1,3,3,6
22,2,1,2,2,2,1,1,1,2,1,1,1,2,2,1,3,3,6
22,2,1,2,2,2,2,1,1,2,1,1,1,2,2,1,5,3,6
22,2,1,2,2,2,2,1,1,2,1,1,1,2,2,1,3,2,6
22,2,1,2,1,2,2,1,1,2,1,1,1,2,2,1,3,3,6
22,2,1,1,2,2,1,1,1,2,1,1,2,2,2,1,3,3,6
22,2,1,2,1,2,2,1,1,2,1,1,2,2,2,1,3,3,6
22,2,1,2,2,2,1,1,1,2,1,1,1,2,2,1,3,3,6
22,2,1,2,2,2,1,1,1,2,1,1,1,2,2,1,3,3,6
22,2,1,2,2,2,1,1,2,2,1,1,1,2,2,1,3,3,6
22,2,1,2,2,2,1,1,1,2,1,1,1,2,2,1,3,3,6
22,2,1,2,2,2,1,1,1,2,1,1,1,2,2,1,3,3,6
22,2,1,2,2,2,1,1,1,2,1,1,1,2,2,1,3,3,6
22,2,1,2,2,2,2,1,1,2,1,1,1,2,2,1,3,3,6
22,1,2,2,1,1,2,1,2,2,2,1,1,2,2,2,5,3,1
22,1,2,2,1,1,2,1,2,2,2,1,1,2,2,2,5,3,7
22,1,2,2,1,1,2,1,2,2,2,1,1,2,2,2,5,3,1
23,1,1,2,2,2,2,2,2,2,2,1,2,1,2,2,5,1,1
23,1,1,2,2,2,2,2,2,2,2,1,2,1,2,2,5,1,1
23,1,1,2,2,2,2,2,2,2,2,1,2,1,2,2,5,1,1
23,1,1,2,2,2,2,2,2,2,2,1,2,1,2,2,5,1,1
23,1,1,2,2,2,2,2,2,1,2,1,2,1,2,2,5,1,1
23,1,1,2,2,2,2,2,2,2,2,1,2,1,2,2,2,1,1
23,1,1,2,2,2,2,2,2,2,2,1,2,1,2,2,5,1,1
23,2,2,2,1,2,1,1,1,2,1,2,1,1,2,2,2,1,1
23,2,2,2,1,1,1,1,1,2,1,2,1,1,2,2,2,1,1
23,2,2,2,1,1,1,1,1,2,1,2,1,1,2,2,2,1,1
23,2,2,2,1,2,1,1,1,2,1,2,1,1,2,2,2,1,3
23,2,2,2,1,2,1,1,1,2,1,2,1,1,2,2,2,1,1
23,2,2,2,1,2,1,1,1,2,1,2,1,1,1,2,2,1,1
23,2,2,2,1,2,1,1,1,2,1,2,1,1,2,2,2,1,1
23,2,2,2,1,1,1,1,1,2,1,1,1,1,2,2,2,1,1
23,2,2,2,1,1,1,1,1,2,1,2,1,1,2,2,2,1,3
23,2,2,2,1,2,1,1,1,2,1,2,1,1,2,2,2,1,4
23,2,2,2,1,2,1,1,1,2,1,1,1,1,2,2,2,1,1
23,2,2,2,1,2,1,1,1,2,1,1,1,1,2,2,2,1,4
23,2,2,2,1,2,1,1,1,2,1,2,1,1,2,2,2,1,1
23,2,2,2,1,2,1,1,1,2,1,2,1,1,2,2,2,1,1
23,2,2,2,1,1,1,1,1,2,1,2,1,1,2,1,2,1,1
23,2,2,2,1,1,1,1,1,2,1,2,1,1,2,2,2,1,1
23,2,2,2,1,2,1,1,1,2,1,2,1,1,2,1,2,1,1
23,2,2,2,1,1,1,1,1,2,1,1,1,1,2,2,2,1,4
23,2,2,2,1,1,1,1,1,2,1,2,1,1,2,2,2,1,3
23,2,2,2,1,2,1,1,1,2,1,2,1,1,2,2,2,1,1
23,2,2,2,1,1,1,1,1,2,1,2,1,1,2,1,2,1,1
23,2,2,2,1,2,1,1,1,2,1,2,1,1,2,2,2,1,1
23,2,2,2,1,2,1,1,1,2,1,2,1,1,2,1,2,1,1
23,2,2,2,1,2,1,1,1,2,1,2,1,1,2,2,2,1,1
23,2,2,2,1,1,1,1,1,2,1,2,1,1,2,2,2,1,1
23,2,2,2,1,2,1,1,1,2,1,2,1,1,2,2,2,1,1
23,2,2,2,1,2,1,1,1,2,1,2,1,1,2,2,2,1,1
23,2,2,2,1,1,1,1,1,2,1,2,1,1,2,2,2,1,1
23,2,2,2,1,2,1,1,1,2,1,2,1,1,2,2,2,1,1
23,2,2,2,1,2,1,1,1,2,1,2,1,1,2,2,2,1,4
24,1,2,2,1,2,1,1,2,2,1,1,1,1,2,1,2,1,5
24,2,2,2,1,1,1,1,1,1,1,1,1,1,2,1,2,1,5
24,1,2,2,1,1,1,1,2,2,1,1,1,1,2,1,2,1,5
24,1,2,2,1,1,1,1,2,1,1,1,1,1,2,1,2,1,5
24,1,2,2,1,1,1,1,1,2,1,1,1,1,2,1,2,1,5
24,2,2,2,2,1,1,1,1,2,1,2,1,1,1,1,2,2,2
24,2,2,2,2,1,1,1,1,2,1,2,1,1,1,1,2,2,5
24,2,2,2,2,1,1,1,1,2,1,2,1,1,1,1,3,2,5
24,2,2,2,2,1,1,1,1,2,1,2,1,2,1,2,3,2,2
24,2,2,2,2,1,1,1,1,2,1,2,1,2,1,1,3,2,2
24,2,2,2,2,1,1,1,1,2,1,2,1,2,1,1,3,2,2
24,2,2,2,2,1,1,1,1,2,1,2,1,1,1,2,2,2,1
24,2,2,2,2,1,1,1,1,1,1,2,1,1,1,1,3,2,2
24,2,2,2,2,1,1,1,1,2,1,2,1,1,1,1,3,2,2
24,2,2,2,2,1,1,1,1,2,1,2,1,1,1,2,3,2,2
24,2,2,2,2,1,1,1,1,1,1,2,1,2,1,2,3,2,2
24,2,1,2,2,1,1,1,1,1,1,2,1,1,1,2,3,2,2
24,2,2,2,2,1,1,1,1,1,1,2,1,2,1,2,3,2,2
24,2,2,2,2,1,1,1,1,2,1,2,1,1,1,2,3,2,2
24,2,2,2,2,1,1,1,1,1,1,2,1,2,1,1,3,2,2
24,2,2,2,2,1,1,1,1,1,1,2,1,1,1,1,3,2,2
24,2,1,2,2,1,1,1,1,1,1,2,1,1,1,2,3,2,2
24,2,2,2,2,1,1,1,1,2,1,2,1,2,1,1,2,2,5
24,2,2,2,2,1,1,1,1,2,1,2,1,1,1,1,3,2,2
24,2,2,2,2,1,1,1,1,1,1,2,1,1,1,1,3,2,2
24,1,1,2,1,2,2,1,1,1,2,1,2,1,2,1,1,2,3
24,2,2,2,1,1,1,1,1,2,1,2,1,1,2,2,2,1,1
24,2,2,2,1,2,1,1,1,2,1,1,1,1,2,2,2,1,1
24,2,2,2,1,2,1,1,1,2,1,2,1,1,2,1,2,1,1
24,2,2,2,1,2,1,1,1,2,1,2,1,1,2,2,2,1,1
24,2,2,2,1,1,1,1,1,2,1,2,1,1,2,2,2,1,1
24,2,2,2,1,2,1,1,1,2,1,2,1,1,2,1,2,1,1
25,2,2,2,2,1,1,1,1,2,1,2,1,2,1,1,3,2,2
25,2,2,2,2,1,1,1,1,2,1,2,1,1,1,2,3,2,5
25,2,2,2,2,1,1,1,1,2,1,2,1,1,1,1,3,2,2
25,2,2,2,2,1,1,1,1,1,1,2,1,1,1,2,3,2,2
25,2,2,2,2,1,1,1,1,1,1,2,1,1,1,2,3,2,2
25,2,2,2,2,1,1,1,1,2,1,2,1,1,1,1,3,2,5
25,2,2,2,2,1,1,1,1,2,1,2,1,2,1,1,2,2,2
25,2,2,2,2,1,1,1,1,2,1,2,1,1,1,1,3,2,2
25,2,2,2,2,1,1,1,1,2,1,2,1,1,1,2,2,2,2
25,2,1,2,2,1,1,1,1,2,1,2,1,1,1,2,3,2,2
25,2,2,2,2,1,1,1,1,2,1,2,1,1,1,1,3,2,5
25,2,2,2,2,1,1,1,1,2,1,2,1,2,1,2,3,2,2
25,2,2,2,2,1,1,1,1,2,1,2,1,2,1,1,3,2,5
25,2,2,2,2,1,1,1,1,2,1,2,1,1,1,1,3,2,5
25,2,2,2,2,1,1,1,1,2,1,2,1,2,1,1,2,2,2
25,2,2,2,2,1,1,1,1,2,1,2,1,1,1,2,3,2,2
25,2,2,2,2,1,1,1,1,2,1,2,1,1,1,1,3,2,5
25,2,2,2,2,1,1,1,1,1,1,2,1,1,1,2,3,2,2
25,2,1,2,2,1,1,1,1,2,1,2,1,1,1,1,3,2,2
25,2,2,2,2,1,1,1,1,2,1,2,1,2,1,2,3,2,2
25,2,1,2,2,1,1,1,1,1,1,2,1,1,1,1,3,2,2
25,2,2,2,2,1,1,1,1,2,1,2,1,1,1,1,3,2,2
25,2,2,2,2,1,1,1,1,2,1,2,1,2,1,2,2,2,2
25,2,2,2,2,1,1,1,1,1,1,2,1,1,1,2,3,2,2
25,2,2,2,2,1,1,1,1,2,1,2,1,1,1,2,3,2,5
25,2,2,2,2,1,1,1,1,2,1,2,1,2,1,1,3,2,2
25,2,2,2,2,1,1,1,1,2,1,2,1,2,1,2,3,2,2
25,2,1,2,2,1,1,1,1,2,1,2,1,1,1,2,3,2,2
25,2,2,2,2,1,1,1,1,2,1,2,1,2,1,1,3,2,2
25,2,2,2,2,1,1,1,1,1,1,2,1,1,1,1,3,2,5
25,2,2,2,2,1,1,1,1,1,1,2,1,2,1,1,3,2,5
25,2,1,2,2,1,1,1,1,2,1,2,1,1,1,1,3,2,2
25,2,2,2,2,1,1,1,1,1,1,2,1,1,1,1,2,2,2
25,1,1,2,2,2,2,2,2,2,2,1,2,1,2,2,5,1,1
25,1,1,2,2,2,2,2,2,2,2,1,2,1,2,2,4,1,1
26,2,2,2,2,1,1,1,1,2,1,2,1,1,1,2,3,2,5
26,2,2,2,2,1,1,1,1,2,1,2,1,2,1,2,3,2,2
26,2,2,2,2,1,1,1,1,1,1,2,1,2,1,1,2,2,2
26,2,1,2,2,1,1,1,1,1,1,2,1,1,1,2,2,2,2
26,2,2,2,2,1,1,1,1,2,1,2,1,1,1,2,3,2,2
26,2,2,2,2,1,1,1,1,2,1,2,1,2,1,2,3,2,5
26,2,2,2,2,1,1,1,1,2,1,2,1,1,1,2,3,2,2
26,2,2,2,2,1,1,1,1,2,1,2,1,1,1,1,3,2,2
26,2,2,2,2,1,1,1,1,2,1,2,1,2,1,2,3,2,2
26,2,2,2,2,1,1,1,1,2,1,2,1,1,1,1,3,2,2
26,2,2,2,2,1,1,1,1,2,1,2,1,1,1,1,3,2,2
26,2,2,2,2,1,1,1,1,2,1,2,1,1,1,1,2,2,2
26,2,2,2,2,1,1,1,1,1,1,2,1,1,1,2,3,2,2
26,2,2,2,2,1,1,1,1,2,1,2,1,2,1,2,3,2,2
26,2,2,2,2,1,1,1,1,2,1,2,1,1,1,1,3,2,5
26,2,2,2,2,1,1,1,1,1,1,2,1,1,1,1,3,2,2
26,2,2,2,2,1,1,1,1,2,1,2,1,2,1,1,3,2,2
26,2,2,2,2,1,1,1,1,2,1,2,1,1,1,1,3,2,5
26,2,2,2,2,1,1,1,1,2,1,2,1,1,1,1,3,2,2
26,2,2,2,2,1,1,1,1,2,1,2,1,1,1,2,3,2,2
26,2,2,2,2,1,1,1,1,2,1,2,1,1,1,2,3,2,2
26,1,2,2,1,1,2,1,2,2,2,1,1,2,2,2,4,3,7
26,1,2,2,1,1,2,1,2,2,2,1,1,2,2,2,5,3,7
26,1,1,2,1,2,2,2,1,1,2,1,2,1,2,1,1,2,1
26,1,1,2,1,2,2,2,1,1,2,1,2,1,2,1,1,2,1
26,1,1,2,1,2,2,1,1,1,2,1,2,1,2,1,1,2,1
26,1,1,2,2,2,2,2,2,2,2,1,2,1,2,2,4,1,1
26,1,1,2,2,2,2,2,2,2,2,1,2,1,2,2,5,1,1
26,1,1,2,2,2,2,2,2,1,2,1,2,1,2,2,5,1,1
26,1,1,2,2,2,2,2,2,1,2,1,2,1,2,2,4,1,1
26,1,1,2,2,2,2,2,2,1,2,1,2,1,2,2,5,1,1
26,1,1,2,2,2,2,2,2,2,2,1,2,1,2,2,2,1,1
26,1,1,2,2,2,2,2,2,1,2,1,2,1,2,2,5,1,1
26,1,1,2,2,2,1,2,2,2,2,1,2,1,2,2,5,1,1
27,2,2,2,1,1,1,1,2,1,1,1,1,1,2,1,2,1,5
27,2,2,2,2,1,1,1,1,2,1,2,1,1,1,2,3,2,2
27,2,2,2,2,1,1,1,1,2,1,2,1,2,1,2,2,2,2
27,2,2,2,2,1,1,1,1,2,1,2,1,2,1,1,3,2,2
27,2,2,2,2,1,1,1,1,2,1,2,1,1,1,1,3,2,2
27,2,2,2,2,1,1,1,1,2,1,2,1,1,1,2,3,2,2
27,2,2,2,2,1,1,1,1,2,1,2,1,2,1,1,3,2,2
27,2,2,2,2,1,1,1,1,1,1,2,1,1,1,2,3,2,2
27,2,2,2,2,1,1,1,1,2,1,2,1,1,1,1,3,2,2
27,2,2,2,2,1,1,1,1,2,1,2,1,1,1,1,2,2,2
27,2,2,2,2,1,1,1,1,2,1,2,1,1,1,1,3,2,2
27,2,2,2,2,1,1,1,1,2,1,2,1,1,1,1,3,2,2
27,2,1,2,2,1,1,1,1,2,1,2,1,2,1,2,3,2,2
27,2,2,2,2,1,1,1,1,2,1,2,1,2,1,2,3,2,5
27,2,2,2,2,1,1,1,1,1,1,2,1,1,1,1,3,2,5
27,2,2,2,2,1,1,1,1,1,1,2,1,1,1,1,3,2,2
27,2,2,2,2,1,1,1,1,2,1,2,1,2,1,1,3,2,2
27,2,2,2,2,1,1,1,1,2,1,2,1,1,1,2,3,2,5
27,2,2,2,2,1,1,1,1,2,1,2,1,1,1,2,2,2,2
27,2,2,2,2,1,1,1,1,2,1,2,1,1,1,1,3,2,5
27,2,1,2,2,1,1,1,1,2,1,2,1,1,1,2,3,2,2
27,2,2,2,2,1,1,1,1,1,1,2,1,2,1,1,3,2,2
27,2,2,2,2,1,1,1,1,2,1,2,1,2,1,2,3,2,2
27,2,2,2,2,1,1,1,1,1,1,2,1,1,1,2,3,2,2
27,2,2,2,1,2,1,1,1,2,1,2,1,1,2,2,2,1,1
28,2,2,2,2,1,1,1,1,2,1,2,1,1,1,2,3,2,2
28,2,2,2,2,1,1,1,1,1,1,2,1,1,1,2,3,2,2
28,2,2,2,2,1,1,1,1,1,1,2,1,1,1,1,3,2,2
28,2,2,2,2,1,1,1,1,2,1,2,1,1,1,1,2,2,2
28,2,2,2,2,1,1,1,1,1,1,2,1,2,1,1,2,2,2
28,2,2,2,2,1,1,1,1,2,1,2,1,2,1,1,3,2,5
28,2,2,2,2,1,1,1,1,2,1,2,1,2,1,1,3,2,5
28,2,2,2,2,1,1,1,1,1,1,2,1,1,1,2,3,2,1
28,2,2,2,2,1,1,1,1,2,1,2,1,2,1,1,3,2,2
28,2,2,2,2,1,1,1,1,2,1,2,1,1,1,1,3,2,2
28,2,2,2,2,1,1,1,1,1,1,2,1,1,1,2,3,2,2
28,2,2,2,2,1,1,1,1,1,1,2,1,2,1,1,3,2,5
28,2,2,2,2,1,1,1,1,1,1,2,1,1,1,2,3,2,1
28,2,2,2,2,1,1,1,1,1,1,2,1,1,1,1,3,2,2
28,2,1,2,1,2,2,2,1,1,2,1,2,1,2,1,1,2,1
28,1,1,2,1,2,2,2,1,1,2,1,2,1,2,1,4,2,3
28,1,1,2,1,2,2,2,1,1,2,1,2,1,2,1,1,2,1
28,1,1,2,1,2,2,2,1,1,2,1,2,1,2,1,1,2,1
28,1,1,2,1,2,2,1,1,1,2,1,2,1,2,1,1,2,1
28,1,1,1,1,2,2,2,1,1,2,1,2,1,2,1,1,2,3
28,1,1,2,1,2,2,2,1,1,2,1,2,1,2,1,4,2,3
28,1,1,2,1,2,2,2,1,1,2,1,2,1,2,1,1,2,1
28,1,1,2,1,2,2,2,1,1,2,1,2,1,2,1,1,2,7
28,1,1,2,1,2,2,1,1,1,2,1,2,1,2,1,1,2,1
28,1,1,2,1,2,2,2,1,1,2,1,2,1,2,1,1,2,3
28,2,2,2,1,1,1,1,1,2,1,2,1,1,2,2,2,1,4
28,2,2,2,1,1,1,1,1,2,1,2,1,1,2,2,2,1,1
29,1,2,2,1,1,1,1,2,1,1,1,1,1,2,1,2,1,5
29,1,2,1,1,1,1,1,2,1,1,1,1,1,2,1,2,1,5
29,2,2,2,1,1,1,1,2,2,1,1,1,1,2,1,2,1,5
29,1,2,2,1,1,1,1,2,1,1,1,1,1,2,1,2,1,5
29,2,2,2,1,1,1,1,2,2,1,1,1,1,2,1,2,1,5
29,2,2,1,1,1,1,1,1,2,1,1,1,1,2,1,2,1,5
29,1,2,2,1,1,1,1,2,2,1,1,1,1,2,1,2,1,5
29,2,2,2,1,1,1,1,1,1,1,1,1,1,2,1,2,1,5
29,1,2,2,1,1,1,1,2,1,1,1,1,1,2,1,2,1,5
29,2,2,2,1,1,1,1,2,2,1,1,1,1,2,1,2,1,5
29,1,2,2,1,1,1,1,2,1,1,1,1,1,2,1,2,1,5
29,1,2,2,1,1,1,1,2,2,1,1,1,1,2,1,2,2,5
29,2,2,2,2,1,1,1,1,1,1,2,1,1,1,2,3,2,2
29,2,2,2,2,1,1,1,1,2,1,2,1,2,1,1,3,2,2
29,2,1,2,2,1,1,1,1,1,1,2,1,1,1,2,3,2,2
29,1,1,2,1,2,2,2,1,1,2,1,2,1,2,1,1,2,6
29,1,1,2,1,2,2,2,1,1,2,1,2,1,2,1,1,2,1
29,1,1,2,1,2,2,1,1,1,2,1,2,1,2,1,4,2,1
29,1,1,2,1,2,2,2,1,1,2,1,2,1,2,1,1,2,1
29,1,1,2,1,2,2,2,1,1,2,1,2,1,2,1,4,1,1
29,1,1,2,1,2,2,2,1,1,2,1,2,1,2,1,1,2,3
29,1,1,2,1,2,2,1,1,1,2,1,2,1,2,1,3,2,1
29,1,1,2,1,2,2,2,1,1,2,1,2,1,2,1,1,2,1
29,1,1,2,1,2,2,1,1,1,2,1,2,1,2,1,1,2,3
29,1,1,2,1,2,2,2,1,1,2,1,2,1,2,1,1,2,3
29,1,1,2,1,2,2,2,1,1,2,1,2,1,2,1,1,2,3
29,1,1,2,1,2,2,1,1,1,2,1,2,1,2,1,1,2,3
29,2,1,1,1,2,1,2,1,1,2,1,2,1,2,1,4,2,1
29,1,1,2,1,2,2,2,1,1,2,1,2,1,2,1,1,2,3
29,1,1,2,1,2,2,1,1,1,2,1,2,1,2,1,1,2,3
29,1,1,1,1,2,2,2,1,1,2,1,2,1,2,1,1,2,3
29,1,1,2,1,2,2,2,1,1,2,1,2,1,2,1,1,2,3
29,1,1,1,1,2,2,1,1,1,2,1,2,1,2,1,1,2,6
29,1,1,2,1,2,2,2,1,1,2,1,2,1,2,1,1,2,3
30,2,2,2,1,2,1,1,1,2,1,2,1,1,2,1,2,1,1
30,2,2,2,1,2,1,1,1,2,1,2,1,1,2,2,2,1,1
30,2,2,2,1,2,1,1,2,2,1,2,1,1,2,2,2,1,1
30,2,2,2,1,1,1,1,1,2,1,2,1,1,2,2,2,1,1
30,2,2,2,1,2,1,1,1,2,1,2,1,1,2,2,2,1,1
30,2,2,2,1,2,1,1,2,2,1,2,1,1,2,2,2,1,1
30,2,2,2,1,2,1,1,1,2,1,2,1,1,2,1,2,1,1
30,2,2,2,1,1,1,1,1,2,1,1,1,1,2,2,2,1,1
30,2,2,2,1,2,1,1,1,2,1,2,1,1,2,1,2,1,4
30,2,2,2,1,2,1,1,1,2,1,2,1,1,2,2,2,1,4
30,2,2,2,1,2,1,1,1,2,1,2,1,1,2,2,2,1,4
30,2,1,2,1,1,1,1,1,2,1,2,1,1,2,2,2,2,4
30,2,2,2,1,2,1,1,2,2,1,2,1,1,2,2,2,1,4
30,2,2,2,1,2,1,1,1,2,1,2,1,1,2,2,2,1,1
30,2,2,2,1,1,1,1,1,2,1,2,1,1,2,2,2,1,3
30,2,2,2,1,1,1,1,1,2,1,2,1,1,2,2,2,1,1
30,1,2,2,1,2,1,1,1,2,1,1,1,1,2,2,2,1,1
30,2,2,2,1,1,1,1,1,2,1,2,1,1,2,1,2,1,1
30,2,2,2,1,1,1,1,1,2,1,2,1,1,2,2,2,1,1
30,2,2,2,1,2,1,1,1,2,1,2,1,1,2,2,2,1,1
30,2,2,2,1,2,1,1,1,2,1,2,1,1,1,2,2,1,1
30,2,2,2,1,2,1,1,1,2,1,2,1,1,1,2,2,1,1
30,2,2,2,1,2,1,1,1,2,1,2,1,1,2,1,2,1,1
30,2,2,2,1,1,1,1,1,2,1,2,1,1,2,2,2,1,1
30,2,2,2,1,2,1,1,2,2,1,2,1,1,2,1,2,1,3
30,2,2,2,1,1,1,1,1,2,1,2,1,1,2,1,2,1,3
30,2,2,2,1,2,1,1,1,2,1,2,1,1,2,2,2,1,1
30,2,2,2,1,2,1,1,1,2,1,2,1,1,2,2,2,1,1
30,2,2,2,1,2,1,1,1,2,1,2,1,1,2,2,2,2,1
30,2,2,2,1,1,1,1,1,2,1,2,1,1,2,2,2,1,4
30,2,2,2,1,2,1,1,1,2,1,2,1,1,2,2,2,1,1
